CIF_id,Compound,A,B,distAA,distBB,distAB,Asize,Bsize,Asize_by_Bsize,distAA_by2_byAsize,distBB_by2_byBsize,distAB_by2_byAsizebyBsize,Asize_ref,Bsize_ref,percent_diff_A_by_100,percent_diff_B_by_100,distAA_minus_ref_diff,distBB_minus_ref_diff,distAB_minus_ref_diff,refined_packing_eff,R_factor
458053,Al0.5Sb0.5,Al,Sb,2.783,2.783,2.783,1.31,1.434,0.9135,1.0622,0.9704,1.0142,1.3915,1.3915,0.0622,-0.0296,0.0,0.0,0.0,1.08068,0.0048
457859,RhSb2,Rh,Sb,3.0121,2.8294,2.516,1.345,1.434,0.9379,1.1198,0.9865,0.9054,1.1013,1.4147,-0.1812,-0.0135,0.2688,0.0,0.0,0.46087,0.033
250170,ThOs2,Th,Os,3.3407,2.7277,3.1985,1.798,1.337,1.3448,0.929,1.0201,1.0202,1.8346,1.3638,0.0204,0.0201,-0.0984,0.0,0.0,0.82086,0.0008
531015,ThSb,Th,Sb,3.847,3.847,3.3316,1.798,1.434,1.2538,1.0698,1.3414,1.0308,1.9235,1.4081,0.0698,-0.0181,0.0,0.268,0.0,0.72900,0.0052
1720931,Nd5Si3,Nd,Si,3.3148,2.755,3.0802,1.813,1.176,1.5417,0.9142,1.1713,1.0305,1.7027,1.3775,-0.0608,0.1714,-0.0273,0.0,0.0,0.65278,0.0331
